Intro,alt-j,An Awesome Wave,/static/music/2012 - An Awesome Wave - (320 kbps)/Cover.jpg,158,/static/music/2012 - An Awesome Wave - (320 kbps)/01. Intro.mp3
Interlude 1,alt-j,An Awesome Wave,/static/music/2012 - An Awesome Wave - (320 kbps)/Cover.jpg,72,/static/music/2012 - An Awesome Wave - (320 kbps)/02. (Interlude 1).mp3
Tessellate,alt-j,An Awesome Wave,/static/music/2012 - An Awesome Wave - (320 kbps)/Cover.jpg,183,/static/music/2012 - An Awesome Wave - (320 kbps)/03. Tessellate.mp3
Breezeblocks,alt-j,An Awesome Wave,/static/music/2012 - An Awesome Wave - (320 kbps)/Cover.jpg,227,/static/music/2012 - An Awesome Wave - (320 kbps)/04. Breezeblocks.mp3
Interlude 2,alt-j,An Awesome Wave,/static/music/2012 - An Awesome Wave - (320 kbps)/Cover.jpg,77,/static/music/2012 - An Awesome Wave - (320 kbps)/05. (Interlude 2).mp3
Something Good,alt-j,An Awesome Wave,/static/music/2012 - An Awesome Wave - (320 kbps)/Cover.jpg,218,/static/music/2012 - An Awesome Wave - (320 kbps)/06. Something Good.mp3
Dissolve Me,alt-j,An Awesome Wave,/static/music/2012 - An Awesome Wave - (320 kbps)/Cover.jpg,239,/static/music/2012 - An Awesome Wave - (320 kbps)/07. Dissolve Me.mp3
Matilda,alt-j,An Awesome Wave,/static/music/2012 - An Awesome Wave - (320 kbps)/Cover.jpg,229,/static/music/2012 - An Awesome Wave - (320 kbps)/08. Matilda.mp3
MS,alt-j,An Awesome Wave,/static/music/2012 - An Awesome Wave - (320 kbps)/Cover.jpg,239,/static/music/2012 - An Awesome Wave - (320 kbps)/09. MS.mp3
Fitzpleasure,alt-j,An Awesome Wave,/static/music/2012 - An Awesome Wave - (320 kbps)/Cover.jpg,219,/static/music/2012 - An Awesome Wave - (320 kbps)/10. Fitzpleasure.mp3
Interlude 3,alt-j,An Awesome Wave,/static/music/2012 - An Awesome Wave - (320 kbps)/Cover.jpg,54,/static/music/2012 - An Awesome Wave - (320 kbps)/11. (Interlude 3).mp3
Bloodflood,alt-j,An Awesome Wave,/static/music/2012 - An Awesome Wave - (320 kbps)/Cover.jpg,249,/static/music/2012 - An Awesome Wave - (320 kbps)/12. Bloodflood.mp3
Taro,alt-j,An Awesome Wave,/static/music/2012 - An Awesome Wave - (320 kbps)/Cover.jpg,305,/static/music/2012 - An Awesome Wave - (320 kbps)/13. Taro.mp3